"","District","Name","TEA","NCES","Charter","All.Math","All.Reading","Econ_Dis.Math","Econ_Dis.Reading","Female.Math","Female.Reading","Male.Math","Male.Reading","At_Risk.Math","At_Risk.Reading","Special.Math","Special.Reading"
"1",1902,"CAYUGA ISD","H","43","N","84","61","68","59","86","76","83","48","69","38","29","14"
"2",1903,"ELKHART ISD","G","42","N","42","35","21","21","43","41","40","30","35","35","25","25"
"3",1904,"FRANKSTON ISD","H","42","N","49","43","44","38","43","48","54","39","28","4","29","29"
"4",1907,"PALESTINE ISD","E","32","N","44","45","39","41","36","43","51","48","39","39","31","31"
"5",1908,"WESTWOOD ISD","G","32","N","24","31","24","30","26","33","22","27","8","11","18","27"
"6",2901,"ANDREWS ISD","D","32","N","50","45","38","41","46","50","54","40","19","37","15","15"
"7",3902,"HUDSON ISD","G","33","N","56","41","43","29","59","46","53","35","45","18","33","27"
"8",3903,"LUFKIN ISD","E","33","N","39","35","36","30","35","36","43","35","28","20","31","31"
"9",3904,"HUNTINGTON ISD","G","42","N","44","36","38","35","35","34","54","38","26","14","50","38"
"10",3905,"DIBOLL ISD","G","33","N","35","39","31","32","29","38","40","40","24","25","25","25"
"11",3907,"CENTRAL ISD","G","41","N","33","45","27","43","36","43","31","48","10","21","8","26"
"12",4901,"ARANSAS COUNTY ISD","G","32","N","25","28","24","24","20","30","29","27","9","9","9","9"
"13",7902,"JOURDANTON ISD","G","32","N","33","29","25","24","27","32","40","26","8","13","27","9"
"14",7904,"LYTLE ISD","G","31","N","25","31","20","25","24","33","26","28","12","18","0","0"
"15",7905,"PLEASANTON ISD","E","32","N","34","29","28","22","33","31","35","27","15","10","28","31"
"16",7906,"POTEET ISD","G","32","N","34","34","30","33","33","47","34","23","24","24","33","38"
"17",8901,"BELLVILLE ISD","E","32","N","47","49","29","28","53","56","39","42","20","8","30","20"
"18",8902,"SEALY ISD","D","41","N","38","38","30","32","38","44","38","33","13","10","6","19"
"19",9901,"MULESHOE ISD","G","33","N","29","34","25","30","20","31","39","37","20","20","7","14"
"20",10902,"BANDERA ISD","B","42","N","41","41","35","30","48","49","34","34","5","5","12","19"
"21",11901,"BASTROP ISD","E","42","N","43","36","38","29","41","39","45","35","35","23","25","20"
"22",11902,"ELGIN ISD","G","41","N","27","33","25","30","26","34","28","33","21","25","30","30"
"23",11904,"SMITHVILLE ISD","G","41","N","59","42","40","33","64","53","55","31","43","20","20","0"
"24",12901,"SEYMOUR ISD","H","43","N","36","43","32","36","30","55","41","32","9","18","20","0"
"25",13901,"BEEVILLE ISD","E","32","N","32","35","32","34","30","37","34","33","18","17","32","22"
"26",14804,"ORENDA CHARTER SCHOOL","I","41","Y","58","59","27","23","58","65","58","54","28","28","17","25"
"27",14901,"ACADEMY ISD","F","41","N","51","45","40","38","45","52","58","37","36","14","11","33"
"28",14903,"BELTON ISD","D","23","N","52","50","38","38","50","52","55","47","29","24","41","36"
"29",14906,"KILLEEN ISD","C","12","N","50","41","45","34","49","45","52","36","27","18","33","24"
"30",14908,"SALADO ISD","D","42","N","49","49","37","41","51","53","48","46","15","11","18","24"
"31",14909,"TEMPLE ISD","D","13","N","38","33","34","27","38","34","39","32","26","20","23","26"
"32",14910,"TROY ISD","G","41","N","46","35","43","30","45","38","46","32","26","16","50","56"
"33",15802,"GEORGE GERVIN ACADEMY","I","11","Y","39","35","39","35","31","38","44","33","39","35","33","33"
"34",15805,"NEW FRONTIERS PUBLIC SCHOOLS INC","I","11","Y","15","21","16","22","15","15","15","23","6","10","60","80"
"35",15822,"JUBILEE ACADEMIES","I","11","Y","31","30","24","24","32","34","30","26","17","14","6","6"
"36",15827,"SCHOOL OF SCIENCE AND TECHNOLOGY","I","11","Y","40","40","32","31","35","45","44","37","13","17","11","17"
"37",15828,"HARMONY SCIENCE ACAD (SAN ANTONIO)","I","11","Y","34","33","30","29","37","39","31","28","27","25","23","23"
"38",15830,"BROOKS ACADEMIES OF TEXAS","I","11","Y","39","38","34","33","37","43","41","34","25","15","25","31"
"39",15831,"SCHOOL OF SCIENCE AND TECHNOLOGY D","I","21","Y","43","50","41","50","45","64","41","38","22","31","29","14"
"40",15834,"BASIS TEXAS","I","11","Y","74","73","21","29","71","77","76","70","64","61","56","44"
"41",15835,"GREAT HEARTS TEXAS","I","11","Y","51","49","34","32","49","51","52","47","44","44","31","27"
"42",15836,"ELEANOR KOLITZ HEBREW LANGUAGE ACA","I","11","Y","60","53","33","17","57","65","65","40","33","44","43","14"
"43",15901,"ALAMO HEIGHTS ISD","B","21","N","51","61","25","31","49","67","53","56","33","36","24","34"
"44",15904,"HARLANDALE ISD","B","11","N","37","33","34","31","36","35","37","31","32","25","21","21"
"45",15905,"EDGEWOOD ISD","B","11","N","28","25","27","25","23","24","33","26","19","17","15","10"
"46",15906,"RANDOLPH FIELD ISD","G","41","N","70","60","40","40","70","60","69","62","38","13","67","44"
"47",15907,"SAN ANTONIO ISD","A","11","N","33","31","31","30","33","35","33","28","21","20","26","24"
"48",15908,"SOUTH SAN ANTONIO ISD","B","11","N","30","27","28","26","27","29","32","25","23","20","15","14"
"49",15909,"SOMERSET ISD","G","41","N","55","45","52","41","53","45","57","44","47","32","32","32"
"50",15910,"NORTH EAST ISD","A","11","N","51","50","36","36","49","52","53","47","37","38","29","24"
"51",15911,"EAST CENTRAL ISD","B","41","N","35","28","31","25","39","34","31","23","19","14","7","7"
"52",15912,"SOUTHWEST ISD","B","41","N","42","36","39","33","40","37","45","36","40","34","23","21"
"53",15913,"LACKLAND ISD","F","21","N","57","53","57","67","58","60","56","47","37","29","43","36"
"54",15914,"FT SAM HOUSTON ISD","G","11","N","51","51","38","45","54","64","48","38","14","29","20","20"
"55",15915,"NORTHSIDE ISD","A","11","N","47","43","36","31","46","46","49","40","25","22","28","25"
"56",15916,"JUDSON ISD","B","21","N","46","42","40","37","44","41","48","42","30","27","37","33"
"57",15917,"SOUTHSIDE ISD","B","41","N","33","26","31","23","38","30","28","23","22","14","18","12"
"58",16901,"JOHNSON CITY ISD","H","42","N","58","56","50","45","60","60","57","52","14","21","20","20"
"59",16902,"BLANCO ISD","G","42","N","59","58","48","48","41","52","75","63","22","39","56","67"
"60",18902,"MERIDIAN ISD","H","43","N","50","27","53","24","40","27","60","27","17","33","14","29"
"61",19901,"DEKALB ISD","H","42","N","26","34","21","26","26","53","25","21","17","0","33","0"
"62",19902,"HOOKS ISD","H","31","N","53","38","53","35","55","42","52","34","21","5","33","22"
"63",19905,"NEW BOSTON ISD","G","32","N","40","40","34","39","32","34","47","45","26","19","29","33"
"64",19907,"TEXARKANA ISD","E","13","N","45","42","36","34","43","40","47","44","30","24","33","31"
"65",19908,"LIBERTY-EYLAU ISD","G","13","N","40","22","39","19","45","23","36","21","27","10","24","13"
"66",19912,"PLEASANT GROVE ISD","G","13","N","70","57","65","38","62","55","77","59","50","30","31","23"
"67",20901,"ALVIN ISD","B","21","N","52","48","38","35","50","50","53","46","38","33","29","27"
"68",20902,"ANGLETON ISD","D","41","N","40","40","39","37","42","43","39","36","29","23","30","29"
"69",20905,"BRAZOSPORT ISD","C","23","N","59","46","55","40","58","47","61","46","42","28","42","29"
"70",20906,"SWEENY ISD","D","32","N","32","36","20","27","32","41","33","31","32","16","29","14"
"71",20907,"COLUMBIA-BRAZORIA ISD","D","32","N","43","35","30","25","45","42","42","27","28","18","42","35"
"72",20908,"PEARLAND ISD","B","21","N","68","63","53","44","68","67","69","60","49","40","37","29"
"73",21805,"ARROW ACADEMY","I","11","Y","39","43","34","39","41","49","38","40","21","27","33","17"
"74",21901,"COLLEGE STATION ISD","C","12","N","59","51","35","29","58","56","59","47","37","29","37","26"
"75",21902,"BRYAN ISD","C","13","N","46","38","41","32","45","40","47","37","39","27","34","30"
"76",24901,"BROOKS COUNTY ISD","D","33","N","37","25","34","23","32","28","42","22","13","9","42","8"
"77",25902,"BROWNWOOD ISD","E","33","N","43","37","35","29","43","39","42","36","15","17","23","15"
"78",25909,"EARLY ISD","G","33","N","39","56","34","48","35","58","43","55","22","33","11","22"
"79",26901,"CALDWELL ISD","D","41","N","43","41","33","29","41","40","45","42","17","12","38","31"
"80",26903,"SNOOK ISD","H","42","N","53","47","46","36","62","62","48","39","36","18","20","20"
"81",27903,"BURNET CISD","D","41","N","38","38","26","22","40","36","35","40","24","25","16","26"
"82",27904,"MARBLE FALLS ISD","E","32","N","38","42","30","36","37","41","38","44","22","28","18","21"
"83",28902,"LOCKHART ISD","D","31","N","39","32","35","27","37","35","40","28","29","21","22","22"
"84",28903,"LULING ISD","E","32","N","36","27","30","22","37","31","36","22","20","12","25","0"
"85",29901,"CALHOUN COUNTY ISD","G","32","N","67","52","63","45","66","50","68","53","57","34","26","19"
"86",30906,"EULA ISD","H","42","N","48","48","41","41","65","65","25","25","10","10","13","13"
"87",31901,"BROWNSVILLE ISD","C","12","N","56","46","54","44","54","47","57","45","48","36","31","25"
"88",31903,"HARLINGEN CISD","D","13","N","52","44","49","40","51","47","54","42","38","26","40","39"
"89",31905,"LA FERIA ISD","G","22","N","54","44","52","39","48","50","60","39","38","28","32","20"
"90",31906,"LOS FRESNOS CISD","D","22","N","63","52","59","48","62","56","63","48","57","42","37","29"
"91",31909,"POINT ISABEL ISD","D","32","N","45","39","40","35","46","41","43","37","35","30","11","5"
"92",31911,"RIO HONDO ISD","G","41","N","37","33","34","27","42","44","30","21","16","14","9","9"
"93",31912,"SAN BENITO CISD","D","22","N","49","39","46","36","50","44","49","35","37","26","33","27"
"94",31914,"SANTA ROSA ISD","G","22","N","53","41","51","38","49","51","57","31","35","28","30","20"
"95",32902,"PITTSBURG ISD","G","32","N","59","58","55","55","54","62","64","55","47","49","47","47"
"96",33902,"PANHANDLE ISD","H","42","N","41","47","18","32","42","46","40","48","20","13","17","33"
"97",33904,"WHITE DEER ISD","H","43","N","47","41","37","21","40","33","53","47","38","13","20","0"
"98",34901,"ATLANTA ISD","E","41","N","47","52","41","47","44","50","51","55","35","31","40","27"
"99",34903,"HUGHES SPRINGS ISD","G","32","N","44","41","33","33","34","34","55","48","35","28","25","38"
"100",34906,"MCLEOD ISD","H","42","N","45","55","40","60","47","67","43","43","29","29","20","20"
"101",34907,"QUEEN CITY ISD","G","32","N","40","57","36","55","27","63","53","50","32","50","17","33"
"102",35901,"DIMMITT ISD","D","33","N","40","38","45","43","44","45","34","26","42","25","9","0"
"103",36901,"ANAHUAC ISD","D","42","N","42","24","37","22","38","29","45","20","46","27","40","40"
"104",36902,"BARBERS HILL ISD","D","41","N","74","68","62","52","72","68","76","67","48","31","33","36"
"105",36903,"EAST CHAMBERS ISD","E","32","N","70","48","63","40","60","42","77","52","63","35","30","20"
"106",37904,"JACKSONVILLE ISD","E","32","N","35","40","29","36","31","44","39","36","27","34","29","19"
"107",37907,"RUSK ISD","G","41","N","43","46","37","40","39","49","46","43","14","20","44","39"
"108",38901,"CHILDRESS ISD","G","33","N","59","42","56","33","58","37","61","47","39","21","30","10"
"109",39902,"HENRIETTA ISD","D","41","N","49","46","41","41","37","49","63","44","26","19","25","13"
"110",43801,"IMAGINE INTERNATIONAL ACADEMY OF N","I","22","Y","72","68","73","55","74","83","71","59","68","42","31","25"
"111",43901,"ALLEN ISD","D","21","N","72","67","49","43","70","69","73","65","46","38","44","38"
"112",43902,"ANNA ISD","F","41","N","51","46","49","38","43","49","58","43","39","28","46","19"
"113",43903,"CELINA ISD","F","41","N","57","60","41","46","53","59","60","60","30","33","30","36"
"114",43904,"FARMERSVILLE ISD","G","31","N","51","44","43","36","49","44","53","44","33","22","44","39"
"115",43905,"FRISCO ISD","C","21","N","65","65","32","37","63","67","67","62","31","28","39","36"
"116",43907,"MCKINNEY ISD","D","22","N","57","53","42","38","56","58","57","49","39","32","38","34"
"117",43908,"MELISSA ISD","F","22","N","75","66","50","53","72","72","78","61","52","35","58","42"
"118",43910,"PLANO ISD","B","11","N","65","60","43","37","62","64","67","57","43","34","40","37"
"119",43911,"PRINCETON ISD","F","22","N","47","42","40","34","39","38","54","46","34","26","29","21"
"120",43912,"PROSPER ISD","D","41","N","65","60","44","36","64","62","67","57","41","34","42","36"
"121",43914,"WYLIE ISD","D","21","N","70","62","56","47","69","67","71","57","44","32","48","41"
"122",43918,"COMMUNITY ISD","D","41","N","57","56","55","49","55","61","59","49","43","47","21","21"
"123",43919,"LOVEJOY ISD","G","21","N","85","77","60","70","79","78","91","75","62","54","52","52"
"124",44902,"WELLINGTON ISD","H","43","N","36","38","24","28","22","35","50","41","8","16","14","14"
"125",45902,"COLUMBUS ISD","G","33","N","49","35","40","29","56","37","44","33","30","15","55","55"
"126",45903,"RICE CISD","G","42","N","45","25","41","22","39","24","50","26","25","13","17","17"
"127",46901,"NEW BRAUNFELS ISD","C","13","N","55","55","37","39","52","57","57","53","29","32","33","35"
"128",46902,"COMAL ISD","B","41","N","59","56","39","39","58","59","60","54","32","24","30","31"
"129",47901,"COMANCHE ISD","G","41","N","52","39","47","27","68","48","38","31","41","24","31","23"
"130",49901,"GAINESVILLE ISD","E","41","N","43","30","39","27","43","36","43","25","30","18","38","21"
"131",49902,"MUENSTER ISD","H","43","N","60","60","14","29","67","80","55","45","0","0","11","11"
"132",49903,"VALLEY VIEW ISD","H","42","N","53","53","43","43","46","38","58","64","44","28","17","33"
"133",49905,"CALLISBURG ISD","G","42","N","44","43","32","34","50","52","38","33","17","17","40","0"
"134",50902,"GATESVILLE ISD","D","32","N","47","46","41","36","48","52","47","41","24","10","25","25"
"135",50910,"COPPERAS COVE ISD","D","22","N","53","47","45","37","50","45","56","49","28","23","37","38"
"136",52901,"CRANE ISD","D","32","N","48","40","49","36","51","49","44","31","47","37","40","40"
"137",54903,"RALLS ISD","H","42","N","26","29","23","15","18","29","33","28","6","6","17","17"
"138",56901,"DALHART ISD","G","41","N","38","21","33","11","36","19","40","23","17","7","30","30"
"139",57803,"UPLIFT EDUCATION","I","11","Y","45","36","40","31","44","40","45","32","29","19","29","22"
"140",57806,"ADVANTAGE ACADEMY","I","21","Y","20","21","15","17","16","24","24","18","9","9","17","0"
"141",57807,"LIFE SCHOOL","I","21","Y","25","34","23","30","26","39","23","28","12","10","22","22"
"142",57813,"TRINITY BASIN PREPARATORY","I","11","Y","39","33","38","32","40","37","37","28","38","33","23","19"
"143",57816,"A W BROWN LEADERSHIP ACADEMY","I","11","Y","32","26","35","30","35","29","30","22","20","21","27","27"
"144",57829,"A+ ACADEMY","I","11","Y","24","22","25","22","23","27","24","14","21","19","31","31"
"145",57835,"GOLDEN RULE CHARTER SCHOOL","I","11","Y","54","46","53","46","49","51","58","42","51","41","17","17"
"146",57839,"LA ACADEMIA DE ESTRELLAS","I","11","Y","38","30","37","27","33","31","43","27","38","24","9","18"
"147",57846,"LEGACY PREPARATORY","I","21","Y","33","32","26","26","32","35","34","29","25","28","9","0"
"148",57848,"INTERNATIONAL LEADERSHIP OF TEXAS","I","21","Y","36","39","30","31","33","42","40","34","26","26","20","23"
"149",57903,"CARROLLTON-FARMERS BRANCH ISD","B","21","N","48","44","40","35","49","48","48","41","39","31","35","27"
"150",57904,"CEDAR HILL ISD","B","21","N","38","32","35","28","38","33","37","31","25","19","21","19"
"151",57905,"DALLAS ISD","A","11","N","45","42","42","39","43","46","46","39","44","42","29","26"
"152",57906,"DESOTO ISD","B","21","N","34","27","31","26","36","32","32","23","21","15","23","23"
"153",57907,"DUNCANVILLE ISD","B","21","N","42","38","41","36","37","40","46","36","35","27","33","23"
"154",57909,"GARLAND ISD","B","21","N","53","48","47","43","52","52","54","44","46","39","32","26"
"155",57910,"GRAND PRAIRIE ISD","B","21","N","50","45","47","40","48","48","52","41","42","34","27","25"
"156",57912,"IRVING ISD","B","12","N","42","33","40","30","41","36","43","30","34","22","30","21"
"157",57913,"LANCASTER ISD","B","21","N","43","39","43","36","44","41","42","37","37","30","26","24"
"158",57914,"MESQUITE ISD","B","21","N","45","39","43","36","43","40","47","38","43","34","30","28"
"159",57916,"RICHARDSON ISD","B","11","N","55","48","40","31","52","50","57","46","36","25","31","26"
"160",57919,"SUNNYVALE ISD","D","41","N","59","65","17","13","62","72","56","59","36","9","23","27"
"161",57922,"COPPELL ISD","B","21","N","72","70","29","39","70","73","74","68","48","42","36","38"
"162",58906,"LAMESA ISD","G","33","N","30","22","22","14","26","20","32","23","20","13","20","20"
"163",59901,"HEREFORD ISD","D","32","N","39","36","38","33","39","38","40","33","31","30","23","12"
"164",59902,"WALCOTT ISD","H","43","N","45","40","38","23","55","45","33","33","10","10","17","17"
"165",61901,"DENTON ISD","C","12","N","49","45","37","32","44","49","53","40","32","26","32","24"
"166",61902,"LEWISVILLE ISD","B","21","N","52","50","30","29","51","54","53","47","27","23","31","29"
"167",61903,"PILOT POINT ISD","D","31","N","35","35","26","26","32","39","37","33","27","30","50","40"
"168",61905,"KRUM ISD","D","31","N","34","38","23","20","30","32","37","42","17","13","15","12"
"169",61906,"PONDER ISD","D","42","N","52","32","37","20","45","34","58","30","33","8","33","0"
"170",61907,"AUBREY ISD","D","41","N","59","54","37","40","54","55","63","52","42","32","29","17"
"171",61908,"SANGER ISD","D","41","N","46","41","38","35","42","48","50","34","30","20","15","15"
"172",61910,"ARGYLE ISD","D","41","N","70","60","52","41","66","63","73","57","42","24","46","41"
"173",61911,"NORTHWEST ISD","D","41","N","54","56","34","37","53","60","55","52","33","31","30","31"
"174",61912,"LAKE DALLAS ISD","D","21","N","48","47","40","35","49","52","47","43","30","24","29","26"
"175",61914,"LITTLE ELM ISD","D","21","N","42","44","32","36","39","48","45","40","27","26","29","32"
"176",62901,"CUERO ISD","G","32","N","39","37","29","29","28","32","51","42","23","21","38","33"
"177",62903,"YOAKUM ISD","G","32","N","48","29","44","24","40","27","54","31","25","11","15","15"
"178",62904,"YORKTOWN ISD","H","43","N","26","17","17","10","15","20","35","15","5","10","33","17"
"179",64903,"CARRIZO SPRINGS CISD","D","33","N","51","46","45","37","55","51","48","40","35","28","11","22"
"180",65901,"CLARENDON ISD","H","43","N","67","64","59","47","50","63","82","65","69","50","38","25"
"181",66902,"SAN DIEGO ISD","G","32","N","29","31","28","30","19","24","41","39","15","11","30","30"
"182",66903,"FREER ISD","H","43","N","23","19","22","11","19","19","27","19","15","7","25","13"
"183",67902,"CISCO ISD","H","33","N","41","54","26","26","21","53","51","54","7","14","13","13"
"184",67903,"EASTLAND ISD","G","33","N","52","49","43","39","51","44","53","53","44","32","38","50"
"185",67907,"RANGER ISD","H","43","N","15","36","16","40","13","33","17","39","0","20","17","50"
"186",68901,"ECTOR COUNTY ISD","C","12","N","35","35","30","29","36","37","35","32","26","27","22","21"
"187",70801,"WAXAHACHIE FAITH FAMILY ACADEMY","I","11","Y","16","20","16","20","12","20","20","20","13","16","0","0"
"188",70903,"ENNIS ISD","D","41","N","46","43","43","38","42","47","49","40","24","17","32","26"
"189",70905,"FERRIS ISD","B","41","N","47","43","46","43","42","39","51","47","42","42","22","13"
"190",70908,"MIDLOTHIAN ISD","C","21","N","56","47","33","27","57","50","55","45","26","23","33","28"
"191",70910,"PALMER ISD","D","41","N","56","49","53","50","53","48","59","51","25","13","54","38"
"192",70911,"RED OAK ISD","D","21","N","44","43","39","35","42","46","46","40","28","21","27","31"
"193",70912,"WAXAHACHIE ISD","C","21","N","55","53","40","41","55","57","54","49","35","24","31","29"
"194",71801,"BURNHAM WOOD CHARTER SCHOOL DISTRI","I","11","Y","62","56","57","49","53","51","73","64","62","57","33","50"
"195",71806,"HARMONY SCIENCE ACAD (EL PASO)","I","11","Y","46","37","43","33","49","43","44","32","38","31","36","22"
"196",71901,"CLINT ISD","B","21","N","46","36","45","33","45","37","48","34","39","27","28","28"
"197",71902,"EL PASO ISD","A","11","N","48","46","42","40","44","48","51","45","37","35","31","30"
"198",71903,"FABENS ISD","G","31","N","54","46","54","44","56","51","52","42","50","40","21","8"
"199",71904,"SAN ELIZARIO ISD","B","21","N","50","42","49","41","49","40","52","43","45","37","29","38"
"200",71905,"YSLETA ISD","A","11","N","57","48","53","44","56","51","58","45","44","38","36","30"
"201",71906,"ANTHONY ISD","H","21","N","35","35","35","35","38","33","32","36","18","14","0","0"
"202",71907,"CANUTILLO ISD","B","11","N","54","53","48","45","60","59","50","49","41","41","26","28"
"203",71909,"SOCORRO ISD","A","11","N","55","49","52","45","54","53","57","45","42","33","35","32"
"204",72902,"DUBLIN ISD","G","41","N","89","88","89","89","80","87","95","89","91","89","86","71"
"205",72903,"STEPHENVILLE ISD","E","33","N","61","52","45","36","58","50","63","54","33","25","51","46"
"206",73903,"MARLIN ISD","G","32","N","21","13","21","13","18","11","24","15","13","0","0","0"
"207",73905,"ROSEBUD-LOTT ISD","H","42","N","26","38","27","37","22","43","32","32","5","19","0","29"
"208",74903,"BONHAM ISD","E","32","N","41","39","33","32","38","36","44","42","7","17","27","20"
"209",74909,"LEONARD ISD","H","42","N","42","43","30","27","43","43","40","44","9","9","17","33"
"210",75902,"LA GRANGE ISD","E","33","N","45","41","20","14","42","47","48","36","14","9","21","29"
"211",75903,"SCHULENBURG ISD","H","33","N","46","28","43","24","30","22","59","33","34","24","58","42"
"212",77902,"LOCKNEY ISD","H","43","N","31","17","14","14","33","17","29","18","6","0","0","0"
"213",79901,"LAMAR CISD","C","21","N","65","56","55","45","65","61","65","53","50","40","32","26"
"214",79906,"NEEDVILLE ISD","D","41","N","55","54","41","42","53","61","57","47","32","32","30","37"
"215",79907,"FORT BEND ISD","B","21","N","58","56","39","36","57","59","60","53","42","37","34","30"
"216",79910,"STAFFORD MSD","B","21","N","42","38","38","34","41","42","43","33","33","28","19","19"
"217",80901,"MOUNT VERNON ISD","G","33","N","45","23","41","18","46","23","45","23","48","28","0","0"
"218",81902,"FAIRFIELD ISD","G","33","N","45","47","34","43","40","48","52","46","26","11","33","11"
"219",81904,"TEAGUE ISD","G","33","N","54","45","47","40","48","39","58","50","36","31","71","57"
"220",82902,"DILLEY ISD","G","41","N","50","27","44","20","50","17","50","33","0","0","22","22"
"221",82903,"PEARSALL ISD","G","33","N","31","32","31","32","29","32","32","32","23","23","36","55"
"222",83901,"SEAGRAVES ISD","H","43","N","31","24","33","21","22","22","39","26","23","10","20","20"
"223",83903,"SEMINOLE ISD","G","33","N","54","46","53","38","45","47","63","46","35","19","28","34"
"224",84802,"ODYSSEY ACADEMY INC","I","31","Y","27","24","23","12","21","16","32","32","13","13","60","60"
"225",84901,"DICKINSON ISD","C","22","N","53","43","47","35","52","48","53","38","39","25","37","27"
"226",84902,"GALVESTON ISD","C","31","N","56","46","52","39","58","52","54","40","52","42","32","34"
"227",84906,"TEXAS CITY ISD","D","22","N","35","28","34","26","35","33","36","23","24","14","18","10"
"228",84908,"HITCHCOCK ISD","D","22","N","27","35","20","31","23","40","30","32","18","19","37","37"
"229",84909,"SANTA FE ISD","D","22","N","54","44","45","38","52","48","55","41","23","13","32","29"
"230",84910,"CLEAR CREEK ISD","B","21","N","52","53","36","38","50","58","54","48","37","35","28","27"
"231",84911,"FRIENDSWOOD ISD","G","21","N","62","64","37","34","59","65","66","63","16","20","45","48"
"232",86901,"FREDERICKSBURG ISD","E","33","N","54","51","41","40","55","54","53","48","37","43","15","12"
"233",88902,"GOLIAD ISD","G","42","N","40","34","31","24","52","39","29","31","24","13","17","8"
"234",89901,"GONZALES ISD","G","32","N","47","35","40","32","44","34","49","37","35","20","31","23"
"235",89903,"NIXON-SMILEY CISD","G","43","N","32","32","36","32","32","29","33","38","24","12","25","17"
"236",90904,"PAMPA ISD","G","33","N","48","40","42","32","44","40","52","40","28","15","31","31"
"237",91903,"DENISON ISD","D","13","N","47","45","40","39","41","45","54","46","18","20","39","35"
"238",91905,"HOWE ISD","D","41","N","57","58","39","54","52","59","62","57","40","38","50","40"
"239",91906,"SHERMAN ISD","C","13","N","39","40","38","36","37","42","42","39","33","29","24","26"
"240",91907,"TIOGA ISD","F","42","N","72","55","79","36","82","71","67","47","50","30","38","25"
"241",91908,"VAN ALSTYNE ISD","D","41","N","50","52","29","32","53","54","47","49","14","21","33","17"
"242",91909,"WHITESBORO ISD","D","32","N","49","45","39","35","36","46","59","44","28","19","21","21"
"243",91910,"WHITEWRIGHT ISD","H","42","N","36","33","23","7","47","47","31","25","25","0","20","20"
"244",91913,"POTTSBORO ISD","D","23","N","54","43","49","39","45","41","63","46","34","14","20","30"
"245",91914,"S AND S CISD","D","41","N","57","59","50","47","52","56","63","63","29","35","20","40"
"246",91917,"GUNTER ISD","F","42","N","61","44","46","17","58","42","64","47","30","9","40","0"
"247",92901,"GLADEWATER ISD","D","23","N","25","35","19","31","17","49","30","26","18","27","30","30"
"248",92902,"KILGORE ISD","D","31","N","40","39","37","38","37","42","42","37","30","29","30","27"
"249",92903,"LONGVIEW ISD","C","13","N","54","46","46","37","50","47","58","45","44","36","43","37"
"250",92904,"PINE TREE ISD","D","13","N","45","37","38","30","43","35","47","39","35","23","25","26"
"251",92906,"SABINE ISD","D","41","N","65","51","60","46","64","53","66","49","50","31","40","30"
"252",92907,"SPRING HILL ISD","D","13","N","50","57","29","36","55","64","46","50","25","28","36","36"
"253",92908,"WHITE OAK ISD","D","23","N","57","42","56","35","52","43","61","40","29","21","29","21"
"254",93901,"ANDERSON-SHIRO CISD","E","42","N","69","46","56","32","68","57","71","33","54","17","40","40"
"255",93903,"IOLA ISD","H","42","N","71","49","62","38","80","55","60","40","54","15","20","20"
"256",93904,"NAVASOTA ISD","D","32","N","37","32","33","27","29","38","43","28","31","27","17","17"
"257",94901,"SEGUIN ISD","D","31","N","36","35","30","29","36","36","36","33","18","18","20","18"
"258",94902,"SCHERTZ-CIBOLO-U CITY ISD","C","21","N","48","46","35","36","43","48","52","45","12","10","21","19"
"259",94903,"NAVARRO ISD","D","41","N","60","59","39","45","56","59","64","58","24","18","45","64"
"260",94904,"MARION ISD","D","21","N","51","37","43","33","53","43","50","31","18","14","18","0"
"261",95901,"ABERNATHY ISD","H","31","N","64","47","43","25","64","52","65","44","36","20","33","17"
"262",95905,"PLAINVIEW ISD","E","33","N","34","28","32","23","32","28","37","28","17","10","28","24"
"263",97902,"HAMILTON ISD","H","33","N","41","39","29","24","48","52","37","30","27","13","8","17"
"264",100904,"SILSBEE ISD","E","31","N","61","52","54","42","61","56","62","47","43","33","45","32"
"265",100905,"HARDIN-JEFFERSON ISD","D","42","N","54","53","39","39","47","50","62","56","35","37","44","31"
"266",100907,"LUMBERTON ISD","D","22","N","49","53","38","44","45","51","52","54","25","37","14","19"
"267",101802,"SER-NINOS CHARTER SCHOOL","I","11","Y","38","46","38","47","40","54","37","40","38","46","30","20"
"268",101803,"ARISTOI CLASSICAL ACADEMY","I","21","Y","43","55","39","43","38","63","48","48","18","29","25","38"
"269",101814,"THE VARNETT PUBLIC SCHOOL","I","11","Y","32","25","35","28","29","24","34","25","32","23","8","8"
"270",101828,"HOUSTON GATEWAY ACADEMY INC","I","11","Y","75","65","92","67","76","72","75","58","75","65","44","33"
"271",101838,"SOUTHWEST SCHOOL","I","11","Y","49","52","50","53","53","60","46","46","48","52","24","6"
"272",101846,"HARMONY SCIENCE ACADEMY","I","11","Y","35","38","32","35","35","43","34","33","27","27","19","15"
"273",101853,"PROMISE COMMUNITY SCHOOL","I","11","Y","46","33","45","33","38","35","53","30","42","25","11","11"
"274",101858,"HARMONY SCHOOL OF EXCELLENCE","I","11","Y","51","56","41","47","50","60","51","51","40","43","30","35"
"275",101861,"THE RHODES SCHOOL","I","21","Y","35","42","35","38","36","45","34","39","44","50","8","8"
"276",101862,"HARMONY SCHOOL OF SCIENCE - HOUSTO","I","12","Y","59","59","53","50","57","67","61","52","53","46","7","14"
"277",101902,"ALDINE ISD","B","21","N","39","30","38","28","38","32","40","28","32","21","23","20"
"278",101903,"ALIEF ISD","B","11","N","36","32","35","31","35","35","37","30","34","29","26","23"
"279",101905,"CHANNELVIEW ISD","B","21","N","50","42","48","40","50","46","50","38","43","34","23","18"
"280",101906,"CROSBY ISD","B","41","N","43","38","37","28","36","37","49","39","33","22","21","14"
"281",101907,"CYPRESS-FAIRBANKS ISD","B","21","N","49","48","37","37","48","52","50","44","34","33","30","26"
"282",101908,"DEER PARK ISD","B","21","N","49","45","38","33","44","48","54","41","30","22","24","18"
"283",101910,"GALENA PARK ISD","B","21","N","46","41","44","39","43","44","49","39","43","38","25","22"
"284",101911,"GOOSE CREEK CISD","B","13","N","41","37","37","33","40","42","42","32","28","21","21","17"
"285",101912,"HOUSTON ISD","A","11","N","46","42","40","35","45","45","47","38","35","29","28","26"
"286",101913,"HUMBLE ISD","B","21","N","45","46","31","30","45","50","44","42","25","27","27","28"
"287",101914,"KATY ISD","B","21","N","62","61","43","42","61","64","63","58","49","46","34","34"
"288",101915,"KLEIN ISD","B","21","N","51","50","38","37","49","54","53","46","31","25","33","30"
"289",101916,"LA PORTE ISD","B","21","N","50","53","43","46","50","53","51","53","35","35","33","33"
"290",101917,"PASADENA ISD","B","21","N","41","42","39","40","39","47","42","38","37","38","25","22"
"291",101919,"SPRING ISD","B","21","N","34","35","33","33","33","39","36","31","26","26","26","24"
"292",101920,"SPRING BRANCH ISD","B","11","N","49","46","32","28","47","47","51","44","34","27","28","28"
"293",101921,"TOMBALL ISD","B","21","N","66","62","50","46","66","66","65","57","42","39","41","28"
"294",101924,"SHELDON ISD","B","21","N","38","33","36","31","36","33","41","32","32","24","18","16"
"295",101925,"HUFFMAN ISD","G","41","N","34","40","19","25","32","40","37","39","16","16","22","25"
"296",102902,"MARSHALL ISD","E","32","N","49","45","43","40","42","43","54","47","47","43","24","24"
"297",102904,"HALLSVILLE ISD","D","31","N","54","46","43","33","53","53","55","39","35","17","42","17"
"298",102906,"ELYSIAN FIELDS ISD","H","42","N","45","44","42","45","50","45","39","43","27","29","0","0"
"299",105902,"SAN MARCOS CISD","C","13","N","38","37","31","28","35","39","41","35","22","14","22","21"
"300",105904,"DRIPPING SPRINGS ISD","B","42","N","50","59","30","35","46","63","55","55","30","29","34","38"
"301",105905,"WIMBERLEY ISD","D","41","N","51","51","23","28","51","56","51","45","28","15","25","42"
"302",105906,"HAYS CISD","B","21","N","46","46","35","33","42","48","50","44","26","25","26","22"
"303",107901,"ATHENS ISD","E","32","N","52","35","45","27","56","41","50","31","37","22","40","23"
"304",107902,"BROWNSBORO ISD","D","42","N","45","37","38","27","42","35","49","38","28","19","28","17"
"305",107905,"EUSTACE ISD","G","42","N","54","50","50","48","55","55","53","44","47","40","23","15"
"306",107906,"MALAKOFF ISD","G","33","N","78","70","70","64","71","69","87","71","64","47","69","46"
"307",107910,"LAPOYNOR ISD","H","42","N","53","63","42","53","70","60","45","64","9","27","17","17"
"308",108802,"HORIZON MONTESSORI PUBLIC SCHOOLS","I","12","Y","49","44","44","37","50","52","48","36","36","33","29","43"
"309",108807,"IDEA PUBLIC SCHOOLS","I","11","Y","42","43","38","39","41","46","42","41","37","36","27","28"
"310",108808,"VANGUARD ACADEMY","I","21","Y","53","47","49","42","55","46","51","48","52","46","31","25"
"311",108902,"DONNA ISD","D","21","N","35","32","34","31","30","31","40","32","31","28","35","34"
"312",108903,"EDCOUCH-ELSA ISD","D","21","N","46","33","46","34","46","37","47","28","27","16","33","27"
"313",108904,"EDINBURG CISD","C","13","N","62","50","59","46","62","53","62","47","53","36","42","32"
"314",108905,"HIDALGO ISD","D","21","N","72","54","70","52","72","58","72","47","69","49","65","46"
"315",108906,"MCALLEN ISD","D","12","N","53","47","48","41","51","48","55","46","42","36","36","32"
"316",108907,"MERCEDES ISD","G","21","N","40","31","37","28","35","28","43","35","33","22","34","28"
"317",108908,"MISSION CISD","D","13","N","49","40","47","38","47","44","51","36","43","33","22","24"
"318",108909,"PHARR-SAN JUAN-ALAMO ISD","C","21","N","58","47","56","45","58","47","58","46","57","46","42","41"
"319",108910,"PROGRESO ISD","G","21","N","43","30","42","30","41","33","45","27","39","30","36","27"
"320",108911,"SHARYLAND ISD","D","13","N","57","52","51","44","52","50","62","53","44","37","33","31"
"321",108912,"LA JOYA ISD","C","21","N","51","49","50","48","50","55","52","44","46","44","36","33"
"322",108913,"WESLACO ISD","D","21","N","55","45","52","41","53","46","56","43","53","43","32","24"
"323",108914,"LA VILLA ISD","H","21","N","35","26","36","27","27","7","42","42","27","12","50","33"
"324",108915,"MONTE ALTO ISD","G","41","N","56","28","55","24","52","24","58","31","43","9","50","0"
"325",108916,"VALLEY VIEW ISD","D","21","N","69","61","68","61","72","62","66","61","68","61","44","44"
"326",109902,"BYNUM ISD","H","42","N","56","44","50","40","71","71","45","27","38","25","60","40"
"327",109904,"HILLSBORO ISD","E","32","N","61","35","53","25","61","34","60","36","41","3","13","13"
"328",109911,"WHITNEY ISD","E","42","N","32","38","20","30","24","33","41","45","14","17","23","23"
"329",110902,"LEVELLAND ISD","G","32","N","34","37","30","31","27","39","42","36","14","12","37","37"
"330",111901,"GRANBURY ISD","D","32","N","46","41","40","30","46","44","46","37","27","20","35","32"
"331",112901,"SULPHUR SPRINGS ISD","E","33","N","34","39","27","31","33","50","36","31","18","23","18","6"
"332",112906,"NORTH HOPKINS ISD","H","42","N","31","33","26","32","21","21","40","45","23","18","0","0"
"333",113901,"CROCKETT ISD","G","33","N","19","19","18","18","11","15","28","23","19","19","22","22"
"334",113902,"GRAPELAND ISD","F","43","N","46","40","36","28","57","43","38","38","20","20","40","20"
"335",114901,"BIG SPRING ISD","E","32","N","36","24","31","18","35","25","37","22","32","8","44","35"
"336",114902,"COAHOMA ISD","F","42","N","29","30","23","23","30","39","29","22","8","8","17","17"
"337",114904,"FORSAN ISD","H","42","N","63","63","64","45","58","54","67","71","31","23","40","40"
"338",116901,"CADDO MILLS ISD","F","42","N","71","59","53","47","73","57","68","62","57","35","55","45"
"339",116903,"COMMERCE ISD","G","41","N","33","33","20","21","28","33","40","33","9","11","21","14"
"340",116905,"GREENVILLE ISD","E","32","N","27","26","19","21","27","31","27","22","21","18","8","13"
"341",116906,"LONE OAK ISD","G","42","N","46","44","32","28","54","46","36","42","0","20","0","13"
"342",116908,"QUINLAN ISD","D","41","N","24","25","16","19","19","29","29","21","12","13","29","25"
"343",116910,"CAMPBELL ISD","H","42","N","21","32","8","33","18","27","25","38","20","20","17","17"
"344",116915,"BLAND ISD","F","42","N","72","56","53","33","65","59","80","53","61","33","50","33"
"345",117901,"BORGER ISD","G","32","N","48","38","43","35","53","46","43","29","27","31","21","8"
"346",117903,"SANFORD-FRITCH ISD","H","32","N","35","37","19","19","24","43","44","32","14","14","22","11"
"347",119902,"JACKSBORO ISD","G","33","N","42","34","46","31","42","42","43","29","14","4","25","25"
"348",120901,"EDNA ISD","G","32","N","43","35","33","23","44","36","42","34","34","19","19","19"
"349",120905,"INDUSTRIAL ISD","G","42","N","60","39","48","32","63","44","58","33","36","0","60","20"
"350",121903,"BUNA ISD","G","42","N","41","47","30","33","33","43","51","52","24","21","20","30"
"351",121904,"JASPER ISD","E","33","N","23","33","19","28","23","33","23","32","17","24","26","35"
"352",121905,"KIRBYVILLE CISD","G","43","N","41","41","39","35","43","50","40","32","29","27","7","0"
"353",123905,"NEDERLAND ISD","D","22","N","59","59","50","47","60","61","59","56","37","34","35","32"
"354",123907,"PORT ARTHUR ISD","D","13","N","39","34","36","32","37","36","40","31","39","34","32","26"
"355",123908,"PORT NECHES-GROVES ISD","D","22","N","59","53","50","47","57","56","62","49","42","34","39","27"
"356",123910,"BEAUMONT ISD","C","12","N","22","25","19","21","23","30","22","21","13","14","25","25"
"357",123914,"HAMSHIRE-FANNETT ISD","D","42","N","56","55","50","47","55","62","57","49","45","41","31","23"
"358",125901,"ALICE ISD","E","32","N","37","35","34","33","35","39","38","30","23","16","38","33"
"359",125903,"ORANGE GROVE ISD","G","42","N","66","51","57","40","68","57","65","44","44","18","23","38"
"360",125905,"PREMONT ISD","F","41","N","14","14","15","15","30","30","6","6","6","6","33","33"
"361",126901,"ALVARADO ISD","D","41","N","61","45","55","41","55","41","65","48","40","26","38","31"
"362",126902,"BURLESON ISD","C","21","N","52","52","41","41","51","54","54","49","24","23","29","27"
"363",126903,"CLEBURNE ISD","D","41","N","39","35","32","29","36","39","43","30","27","20","38","26"
"364",126904,"GRANDVIEW ISD","F","42","N","70","60","44","41","69","64","71","57","33","33","50","33"
"365",126905,"JOSHUA ISD","D","41","N","60","50","51","40","56","52","64","48","35","25","35","19"
"366",126906,"KEENE ISD","G","31","N","44","33","37","19","36","36","53","29","27","7","38","38"
"367",126907,"RIO VISTA ISD","H","42","N","37","28","30","19","24","19","48","36","0","0","17","0"
"368",126908,"VENUS ISD","D","31","N","23","27","20","25","21","24","25","31","14","22","6","17"
"369",126911,"GODLEY ISD","B","42","N","40","35","31","19","32","34","46","36","25","23","14","23"
"370",127901,"ANSON ISD","H","42","N","24","20","14","9","29","26","19","15","5","5","33","17"
"371",127904,"HAWLEY ISD","H","42","N","25","30","16","21","27","33","23","26","8","8","0","0"
"372",127906,"STAMFORD ISD","H","32","N","42","39","25","21","25","44","55","36","7","13","0","0"
"373",128901,"KARNES CITY ISD","G","33","N","54","37","47","30","56","41","50","30","35","18","22","11"
"374",128902,"KENEDY ISD","H","41","N","20","39","16","37","12","32","29","46","13","25","25","33"
"375",129901,"CRANDALL ISD","B","41","N","52","48","45","34","49","50","54","48","30","28","22","32"
"376",129902,"FORNEY ISD","B","41","N","59","56","43","39","59","58","58","54","36","34","45","44"
"377",129903,"KAUFMAN ISD","D","32","N","44","38","38","33","41","39","46","37","25","24","30","27"
"378",129904,"KEMP ISD","D","42","N","47","27","42","25","49","31","45","23","42","21","22","17"
"379",129905,"MABANK ISD","D","32","N","63","48","57","43","63","49","62","48","40","28","24","21"
"380",129906,"TERRELL ISD","C","32","N","40","38","36","33","41","41","39","35","27","20","34","41"
"381",129910,"SCURRY-ROSSER ISD","D","42","N","49","40","40","37","43","37","56","44","24","21","29","43"
"382",130901,"BOERNE ISD","B","41","N","65","63","44","42","65","68","65","59","29","28","41","43"
"383",130902,"COMFORT ISD","E","32","N","56","46","48","38","43","43","66","48","55","35","45","36"
"384",133901,"CENTER POINT ISD","H","42","N","46","44","35","38","39","50","52","39","23","9","29","29"
"385",133903,"KERRVILLE ISD","E","33","N","63","52","52","43","65","58","60","45","42","28","44","30"
"386",133904,"INGRAM ISD","G","41","N","48","33","46","31","41","34","55","33","34","18","10","10"
"387",137901,"KINGSVILLE ISD","E","32","N","53","38","48","33","48","36","59","40","32","16","19","16"
"388",137902,"RICARDO ISD","H","42","N","61","58","53","49","57","61","67","53","33","20","20","20"
"389",138903,"MUNDAY CISD","H","43","N","38","31","30","22","35","35","41","27","25","8","17","0"
"390",139905,"CHISUM ISD","G","41","N","62","57","48","48","63","57","60","57","45","41","14","29"
"391",139909,"PARIS ISD","E","33","N","45","32","38","26","42","29","48","35","22","7","38","31"
"392",139911,"NORTH LAMAR ISD","G","41","N","56","48","48","38","53","53","59","44","33","20","33","27"
"393",139912,"PRAIRILAND ISD","G","42","N","60","41","54","38","65","39","54","44","29","12","30","20"
"394",140904,"LITTLEFIELD ISD","G","32","N","52","42","46","41","57","46","48","38","38","24","33","33"
"395",141901,"LAMPASAS ISD","D","41","N","45","42","39","40","43","47","47","38","29","24","19","22"
"396",142901,"COTULLA ISD","D","33","N","41","35","39","33","34","36","47","34","30","23","33","28"
"397",143901,"HALLETTSVILLE ISD","G","43","N","53","47","46","40","57","53","50","42","32","24","44","44"
"398",144901,"GIDDINGS ISD","G","41","N","35","36","32","27","32","34","37","37","28","22","25","25"
"399",144902,"LEXINGTON ISD","G","43","N","51","40","43","31","53","44","50","35","22","26","29","14"
"400",145901,"BUFFALO ISD","G","43","N","52","46","49","37","53","42","52","52","31","14","11","11"
"401",145902,"CENTERVILLE ISD","H","43","N","41","49","22","22","34","52","50","45","36","36","71","57"
"402",145906,"NORMANGEE ISD","H","43","N","44","44","32","27","39","50","48","38","0","22","40","60"
"403",146901,"CLEVELAND ISD","D","31","N","32","30","32","30","32","32","33","29","28","29","24","20"
"404",146902,"DAYTON ISD","E","32","N","37","31","33","29","36","34","38","28","30","24","21","7"
"405",146904,"HARDIN ISD","G","42","N","30","24","27","22","36","28","25","21","13","10","8","8"
"406",146906,"LIBERTY ISD","G","32","N","28","35","25","33","29","38","27","32","20","22","13","9"
"407",146907,"TARKINGTON ISD","G","42","N","31","33","27","23","32","38","31","28","12","7","13","13"
"408",147901,"COOLIDGE ISD","H","42","N","82","50","76","41","100","38","71","57","100","17","40","20"
"409",147902,"GROESBECK ISD","G","41","N","43","30","39","24","33","31","52","28","17","13","33","13"
"410",147903,"MEXIA ISD","G","33","N","28","27","26","21","27","29","28","26","22","19","29","24"
"411",149902,"THREE RIVERS ISD","H","43","N","71","41","50","32","65","41","75","42","55","20","40","20"
"412",150901,"LLANO ISD","G","41","N","42","26","38","23","38","20","47","32","19","14","40","27"
"413",152901,"LUBBOCK ISD","C","11","N","46","38","39","28","43","39","50","36","23","14","24","22"
"414",152903,"SLATON ISD","G","31","N","36","36","27","24","32","32","40","40","0","7","18","24"
"415",152906,"LUBBOCK-COOPER ISD","D","41","N","57","52","40","31","55","53","60","51","31","16","28","26"
"416",152907,"FRENSHIP ISD","D","22","N","52","51","38","38","49","52","56","51","22","16","35","36"
"417",152908,"ROOSEVELT ISD","D","42","N","25","19","22","18","30","27","20","11","9","13","0","0"
"418",152910,"IDALOU ISD","D","42","N","70","61","60","43","65","58","73","63","40","40","50","50"
"419",154901,"MADISONVILLE CISD","G","32","N","33","38","27","30","35","49","30","29","21","26","0","20"
"420",155901,"JEFFERSON ISD","G","42","N","23","25","19","19","26","28","20","23","11","11","17","24"
"421",156902,"STANTON ISD","D","42","N","41","41","37","40","32","42","48","40","16","16","20","20"
"422",157901,"MASON ISD","H","43","N","37","51","22","35","37","58","38","44","26","35","25","13"
"423",158901,"BAY CITY ISD","E","32","N","29","31","24","23","31","34","26","28","18","15","26","33"
"424",158902,"TIDEHAVEN ISD","G","42","N","44","42","39","33","49","49","40","36","21","13","22","11"
"425",158905,"PALACIOS ISD","G","33","N","42","40","34","37","36","44","49","34","21","18","25","13"
"426",158906,"VAN VLECK ISD","G","41","N","67","46","63","39","69","52","64","39","63","21","40","0"
"427",159901,"EAGLE PASS ISD","D","33","N","47","42","45","38","45","44","50","40","35","29","30","33"
"428",160901,"BRADY ISD","G","41","N","31","31","26","28","20","32","38","30","12","0","33","44"
"429",161802,"RAPOPORT ACADEMY PUBLIC SCHOOL","I","12","Y","38","38","26","30","33","33","46","46","19","19","20","20"
"430",161807,"HARMONY SCIENCE ACAD (WACO)","I","21","Y","41","42","33","32","41","44","40","40","28","26","11","12"
"431",161901,"CRAWFORD ISD","H","42","N","62","68","64","73","65","85","59","47","38","63","29","71"
"432",161903,"MIDWAY ISD","D","22","N","66","63","48","44","63","64","69","61","41","34","29","24"
"433",161906,"LA VEGA ISD","D","22","N","42","46","42","48","43","50","41","43","40","42","18","12"
"434",161907,"LORENA ISD","G","41","N","58","61","50","50","57","66","58","55","23","25","40","40"
"435",161909,"MCGREGOR ISD","G","31","N","37","37","38","34","36","36","37","37","23","14","13","25"
"436",161912,"RIESEL ISD","H","42","N","27","37","13","22","31","41","23","32","0","0","10","10"
"437",161914,"WACO ISD","C","12","N","26","28","24","26","26","31","26","24","15","15","15","14"
"438",161916,"WEST ISD","G","41","N","56","52","36","45","53","58","59","46","40","60","17","0"
"439",161918,"AXTELL ISD","H","42","N","48","44","40","40","48","44","48","44","67","58","33","50"
"440",161919,"BRUCEVILLE-EDDY ISD","H","42","N","13","29","9","31","14","18","13","42","11","0","0","11"
"441",161920,"CHINA SPRING ISD","D","41","N","61","57","48","41","55","56","66","57","27","37","28","44"
"442",161921,"CONNALLY ISD","D","22","N","35","35","33","30","37","40","34","30","16","14","35","29"
"443",161922,"ROBINSON ISD","D","22","N","52","48","40","35","53","49","52","46","33","24","26","26"
"444",163901,"DEVINE ISD","E","41","N","46","46","32","35","43","43","48","49","24","20","50","36"
"445",163903,"NATALIA ISD","G","41","N","18","27","15","19","15","32","24","20","12","20","0","13"
"446",163904,"HONDO ISD","G","32","N","35","29","27","22","31","25","41","35","16","14","29","18"
"447",163908,"MEDINA VALLEY ISD","B","41","N","48","51","38","43","43","53","53","50","35","28","23","21"
"448",165901,"MIDLAND ISD","C","12","N","41","39","29","30","40","41","42","37","28","27","27","29"
"449",165902,"GREENWOOD ISD","D","42","N","38","38","28","22","36","43","40","33","15","12","20","0"
"450",166901,"CAMERON ISD","E","41","N","41","40","40","38","40","40","42","39","45","38","38","25"
"451",166904,"ROCKDALE ISD","E","32","N","32","39","22","28","27","39","37","39","16","14","20","20"
"452",168901,"COLORADO ISD","G","41","N","32","21","23","10","36","24","29","18","16","16","10","10"
"453",169901,"BOWIE ISD","G","33","N","46","35","34","26","46","32","46","39","25","9","31","25"
"454",169902,"NOCONA ISD","H","33","N","36","38","33","28","23","45","45","32","30","22","33","33"
"455",170902,"CONROE ISD","C","13","N","60","54","41","35","59","57","61","51","36","27","29","26"
"456",170903,"MONTGOMERY ISD","D","41","N","61","58","42","43","60","61","62","54","32","29","49","43"
"457",170904,"WILLIS ISD","D","41","N","45","37","39","30","46","40","44","35","31","19","20","17"
"458",170906,"MAGNOLIA ISD","D","41","N","42","39","34","28","39","39","46","40","27","20","25","21"
"459",170907,"SPLENDORA ISD","D","41","N","32","30","32","29","27","35","36","25","34","23","28","28"
"460",170908,"NEW CANEY ISD","D","21","N","41","38","36","31","39","40","43","36","31","27","22","19"
"461",171901,"DUMAS ISD","G","33","N","47","38","44","32","44","39","51","36","43","28","32","24"
"462",171902,"SUNRAY ISD","H","42","N","55","38","45","27","58","37","52","39","36","14","29","14"
"463",172902,"DAINGERFIELD-LONE STAR ISD","G","32","N","35","29","36","30","29","23","41","35","28","22","20","20"
"464",172905,"PEWITT CISD","H","42","N","57","55","50","52","53","57","60","53","41","35","43","43"
"465",174901,"CHIRENO ISD","H","43","N","39","39","36","32","15","31","56","44","13","6","17","17"
"466",174902,"CUSHING ISD","H","43","N","36","58","32","52","35","65","38","50","23","38","43","57"
"467",174903,"GARRISON ISD","H","43","N","37","35","24","26","36","32","38","38","18","12","17","17"
"468",174904,"NACOGDOCHES ISD","E","33","N","34","33","32","31","30","30","40","37","28","26","27","23"
"469",174908,"CENTRAL HEIGHTS ISD","G","41","N","72","63","71","55","68","61","75","63","44","26","29","14"
"470",175903,"CORSICANA ISD","D","32","N","37","30","32","22","31","29","42","31","27","19","31","31"
"471",175904,"DAWSON ISD","F","43","N","58","31","63","37","25","8","86","50","40","20","57","43"
"472",175907,"KERENS ISD","H","43","N","39","24","43","30","56","25","30","23","21","7","0","0"
"473",175911,"RICE ISD","D","42","N","65","39","59","37","61","30","68","45","53","37","20","20"
"474",177901,"ROSCOE COLLEGIATE ISD","H","42","N","24","18","9","0","21","26","26","13","5","5","20","0"
"475",177902,"SWEETWATER ISD","G","32","N","49","37","44","25","45","35","52","39","28","24","29","31"
"476",178902,"BISHOP CISD","G","32","N","63","49","61","46","68","53","60","47","56","42","50","43"
"477",178903,"CALALLEN ISD","G","11","N","60","58","54","55","63","63","58","54","21","28","25","31"
"478",178904,"CORPUS CHRISTI ISD","C","11","N","48","43","40","34","47","47","49","39","29","18","31","26"
"479",178909,"ROBSTOWN ISD","G","31","N","46","32","44","29","48","37","43","26","34","19","30","26"
"480",178912,"TULOSO-MIDWAY ISD","D","11","N","42","49","31","40","40","51","44","47","40","44","42","38"
"481",178913,"BANQUETE ISD","H","42","N","63","45","59","41","56","53","72","34","52","28","57","29"
"482",178914,"FLOUR BLUFF ISD","D","11","N","52","43","43","35","55","47","49","38","31","22","29","23"
"483",178915,"WEST OSO ISD","D","11","N","47","39","48","40","39","35","54","43","31","19","47","27"
"484",179901,"PERRYTON ISD","G","33","N","44","40","39","34","41","42","50","38","34","35","17","17"
"485",181901,"BRIDGE CITY ISD","G","41","N","58","45","44","30","55","46","60","44","37","16","37","32"
"486",181905,"ORANGEFIELD ISD","D","41","N","44","46","37","37","43","50","46","43","30","32","29","21"
"487",181906,"WEST ORANGE-COVE CISD","G","22","N","19","18","16","15","14","16","24","20","14","11","29","14"
"488",181907,"VIDOR ISD","D","22","N","40","35","30","27","35","31","44","40","17","9","10","10"
"489",181908,"LITTLE CYPRESS-MAURICEVILLE CISD","E","22","N","36","33","27","23","36","39","36","27","16","4","19","22"
"490",182903,"MINERAL WELLS ISD","E","32","N","33","31","33","29","25","28","40","33","25","25","44","40"
"491",183902,"CARTHAGE ISD","G","32","N","44","46","36","34","43","50","45","42","27","25","16","11"
"492",184902,"SPRINGTOWN ISD","D","31","N","45","40","40","34","45","41","44","38","27","21","30","19"
"493",184903,"WEATHERFORD ISD","C","31","N","44","43","32","31","41","48","46","38","22","17","23","19"
"494",184904,"MILLSAP ISD","D","42","N","53","53","46","46","45","55","61","50","29","24","33","11"
"495",184907,"ALEDO ISD","B","41","N","71","65","49","37","70","68","72","61","34","32","26","24"
"496",184908,"PEASTER ISD","D","42","N","55","44","33","19","61","49","50","39","23","14","33","17"
"497",184909,"BROCK ISD","D","42","N","66","63","60","60","60","65","72","60","48","48","40","60"
"498",185901,"BOVINA ISD","H","43","N","16","14","18","15","6","18","25","10","13","0","20","20"
"499",185902,"FARWELL ISD","H","42","N","52","36","45","32","48","43","57","29","31","19","17","33"
"500",185903,"FRIONA ISD","G","33","N","51","38","45","33","50","29","53","45","40","29","33","33"
"501",186902,"FORT STOCKTON ISD","G","33","N","52","40","47","33","41","36","63","44","42","25","60","53"
"502",186903,"IRAAN-SHEFFIELD ISD","H","43","N","35","24","14","10","33","27","36","23","17","9","17","33"
"503",187904,"CORRIGAN-CAMDEN ISD","H","43","N","36","25","35","25","39","29","32","20","23","15","33","33"
"504",187907,"LIVINGSTON ISD","E","41","N","46","37","40","35","44","35","48","39","39","33","38","39"
"505",187910,"ONALASKA ISD","F","32","N","76","53","72","51","70","52","81","54","63","34","20","20"
"506",188901,"AMARILLO ISD","C","12","N","48","44","41","36","46","45","50","42","34","29","31","25"
"507",188902,"RIVER ROAD ISD","D","22","N","39","32","38","32","37","34","40","30","25","15","44","33"
"508",188903,"HIGHLAND PARK ISD","G","41","N","36","50","42","48","39","64","32","32","35","26","20","10"
"509",188904,"BUSHLAND ISD","D","41","N","45","53","31","34","44","56","45","51","19","22","8","15"
"510",190903,"RAINS ISD","G","42","N","29","34","19","24","24","25","33","42","18","23","4","13"
"511",191901,"CANYON ISD","C","12","N","61","53","45","35","60","56","62","51","29","22","26","19"
"512",194902,"AVERY ISD","H","43","N","74","46","65","35","80","40","71","50","100","50","40","20"
"513",195901,"PECOS-BARSTOW-TOYAH ISD","G","33","N","43","30","39","23","39","39","46","21","30","13","19","7"
"514",198903,"FRANKLIN ISD","D","42","N","68","52","50","35","63","50","74","53","38","32","44","33"
"515",198905,"HEARNE ISD","H","32","N","32","27","32","27","44","38","25","21","24","17","18","18"
"516",199901,"ROCKWALL ISD","C","21","N","63","57","42","37","62","59","65","55","41","32","40","41"
"517",199902,"ROYSE CITY ISD","D","41","N","55","42","44","29","52","44","57","40","35","20","31","27"
"518",200901,"BALLINGER ISD","G","41","N","38","45","33","48","34","47","42","42","38","25","67","67"
"519",201902,"HENDERSON ISD","E","32","N","50","42","40","30","51","44","49","40","41","31","34","26"
"520",201910,"TATUM ISD","D","42","N","76","59","75","55","76","52","77","66","74","52","40","60"
"521",201914,"WEST RUSK COUNTY CONSOLIDATED ISD","G","42","N","42","33","35","23","48","45","35","23","34","23","14","14"
"522",202903,"HEMPHILL ISD","G","43","N","47","37","34","32","52","45","42","29","12","8","33","22"
"523",203901,"SAN AUGUSTINE ISD","H","43","N","15","18","13","15","14","25","17","10","0","0","36","36"
"524",203902,"BROADDUS ISD","H","43","N","42","47","33","40","17","50","54","46","29","29","33","33"
"525",204901,"COLDSPRING-OAKHURST CISD","E","42","N","24","20","20","17","22","22","28","19","5","5","0","0"
"526",204904,"SHEPHERD ISD","E","42","N","25","19","22","16","20","17","28","21","18","11","26","16"
"527",205901,"ARANSAS PASS ISD","D","31","N","36","43","36","43","27","42","43","43","27","29","57","50"
"528",205902,"GREGORY-PORTLAND ISD","D","21","N","56","50","45","39","51","51","60","49","31","26","23","12"
"529",205903,"INGLESIDE ISD","D","31","N","38","41","30","34","34","42","42","39","20","23","25","31"
"530",205904,"MATHIS ISD","G","32","N","46","36","43","32","41","44","52","28","28","21","64","45"
"531",205906,"SINTON ISD","E","32","N","49","42","43","34","38","38","60","45","31","28","29","33"
"532",205907,"TAFT ISD","D","31","N","14","22","14","22","13","21","15","22","0","0","30","30"
"533",206901,"SAN SABA ISD","H","33","N","43","36","44","38","44","56","42","21","28","22","56","33"
"534",208902,"SNYDER ISD","G","33","N","42","29","41","26","43","27","40","30","39","32","29","5"
"535",210901,"CENTER ISD","G","33","N","43","29","43","27","35","31","49","28","36","22","45","25"
"536",210902,"JOAQUIN ISD","H","43","N","60","48","56","45","50","39","74","58","44","32","33","25"
"537",210903,"SHELBYVILLE ISD","H","42","N","47","57","44","50","43","47","52","71","35","57","33","44"
"538",211902,"STRATFORD ISD","H","43","N","34","37","28","28","27","47","38","31","17","22","14","14"
"539",212801,"CUMBERLAND ACADEMY","I","12","Y","31","39","20","24","28","38","34","40","20","30","0","20"
"540",212804,"UT TYLER UNIVERSITY ACADEMY","I","12","Y","70","72","73","64","73","82","68","64","25","42","60","40"
"541",212901,"ARP ISD","H","42","N","38","33","38","34","36","29","41","37","13","25","60","60"
"542",212902,"BULLARD ISD","D","41","N","56","51","48","36","47","53","64","50","28","29","33","22"
"543",212903,"LINDALE ISD","D","31","N","66","51","55","38","68","56","65","46","49","26","38","25"
"544",212904,"TROUP ISD","G","42","N","48","54","42","46","40","51","53","56","28","38","0","0"
"545",212905,"TYLER ISD","C","12","N","42","35","36","29","38","38","46","33","30","20","22","19"
"546",212906,"WHITEHOUSE ISD","D","22","N","67","61","54","48","66","62","68","59","43","34","42","40"
"547",212909,"CHAPEL HILL ISD","D","41","N","35","32","31","29","28","36","40","29","33","30","24","17"
"548",212910,"WINONA ISD","D","41","N","53","35","52","33","58","24","50","43","62","35","43","14"
"549",213901,"GLEN ROSE ISD","G","42","N","68","65","60","64","61","58","77","75","44","47","20","60"
"550",214901,"RIO GRANDE CITY CISD","D","41","N","49","38","48","38","50","42","48","35","48","37","30","27"
"551",214903,"ROMA ISD","E","41","N","71","69","70","69","73","71","68","67","70","69","40","47"
"552",215901,"BRECKENRIDGE ISD","G","33","N","34","30","26","19","31","35","38","25","16","16","29","24"
"553",216901,"STERLING CITY ISD","H","43","N","30","48","7","27","44","63","9","27","10","10","17","33"
"554",218901,"SONORA ISD","H","33","N","46","42","44","36","52","48","41","37","33","17","33","33"
"555",220811,"EAST FORT WORTH MONTESSORI ACADEMY","I","11","Y","26","42","22","39","15","31","33","50","14","43","20","40"
"556",220815,"CHAPEL HILL ACADEMY","I","11","Y","38","43","29","35","41","52","33","31","36","29","0","0"
"557",220817,"NEWMAN INTERNATIONAL ACADEMY OF AR","I","11","Y","44","42","42","38","40","41","50","43","32","24","29","14"
"558",220819,"HIGH POINT ACADEMY","I","21","Y","29","38","30","34","24","40","34","36","18","29","0","0"
"559",220901,"ARLINGTON ISD","A","11","N","40","38","36","32","39","40","42","35","30","25","22","19"
"560",220902,"BIRDVILLE ISD","B","21","N","50","46","43","39","49","50","52","43","41","35","34","33"
"561",220904,"EVERMAN ISD","B","21","N","41","35","39","34","42","39","40","30","36","30","17","17"
"562",220905,"FORT WORTH ISD","A","11","N","34","34","30","29","33","37","35","31","33","32","28","26"
"563",220906,"GRAPEVINE-COLLEYVILLE ISD","B","13","N","64","61","43","42","64","65","65","58","45","42","42","37"
"564",220907,"KELLER ISD","B","11","N","63","58","46","39","61","61","66","54","39","29","40","35"
"565",220908,"MANSFIELD ISD","B","21","N","61","57","51","46","62","62","60","52","45","38","26","23"
"566",220910,"LAKE WORTH ISD","B","21","N","23","24","22","24","28","31","17","16","17","21","9","9"
"567",220912,"CROWLEY ISD","B","11","N","45","40","42","36","44","43","45","36","36","28","30","26"
"568",220914,"KENNEDALE ISD","B","21","N","61","54","51","40","58","60","64","49","66","50","35","24"
"569",220915,"AZLE ISD","B","21","N","51","46","42","36","49","49","54","42","32","23","34","28"
"570",220916,"HURST-EULESS-BEDFORD ISD","B","21","N","56","51","46","42","54","55","57","47","37","30","33","29"
"571",220917,"CASTLEBERRY ISD","B","21","N","37","37","34","35","33","43","41","32","30","30","10","10"
"572",220918,"EAGLE MT-SAGINAW ISD","B","11","N","44","41","36","33","41","41","46","40","26","20","25","24"
"573",220919,"CARROLL ISD","B","21","N","89","87","50","63","90","89","88","86","68","62","71","71"
"574",220920,"WHITE SETTLEMENT ISD","B","41","N","52","52","44","43","53","58","50","46","34","37","35","33"
"575",221801,"TEXAS COLLEGE PREPARATORY ACADEMIE","I","21","Y","48","49","34","36","46","51","51","48","30","27","24","16"
"576",221901,"ABILENE ISD","C","12","N","38","37","31","27","33","37","44","36","22","17","26","21"
"577",221904,"MERKEL ISD","D","42","N","42","38","40","33","34","37","54","38","22","22","18","18"
"578",221911,"JIM NED CISD","F","42","N","56","71","56","78","56","73","56","69","27","53","23","62"
"579",221912,"WYLIE ISD","D","12","N","67","60","58","45","66","63","68","57","40","33","38","31"
"580",223901,"BROWNFIELD ISD","G","32","N","30","31","25","28","32","34","28","28","5","8","33","33"
"581",225902,"MOUNT PLEASANT ISD","E","33","N","64","57","60","54","60","59","68","54","59","53","38","27"
"582",225906,"CHAPEL HILL ISD","G","42","N","39","76","31","62","31","81","48","70","20","60","17","33"
"583",226801,"TEXAS LEADERSHIP","I","12","Y","30","28","24","22","26","31","33","26","11","9","38","31"
"584",226903,"SAN ANGELO ISD","C","12","N","41","36","31","25","43","42","40","30","17","10","34","24"
"585",226906,"WALL ISD","D","41","N","80","66","75","31","74","61","86","73","47","18","70","60"
"586",226907,"GRAPE CREEK ISD","D","41","N","28","24","24","16","23","30","33","18","17","7","16","21"
"587",227803,"WAYSIDE SCHOOLS","I","11","Y","37","32","29","22","42","42","33","23","34","26","21","21"
"588",227804,"NYOS CHARTER SCHOOL","I","11","Y","49","63","21","42","47","66","50","59","25","46","0","20"
"589",227816,"HARMONY SCIENCE ACADEMY (AUSTIN)","I","11","Y","42","38","32","27","36","40","47","37","31","25","21","16"
"590",227819,"UNIVERSITY OF TEXAS ELEMENTARY CHA","I","11","Y","50","55","23","27","53","53","48","57","22","33","0","0"
"591",227820,"KIPP TEXAS PUBLIC SCHOOLS","I","11","Y","45","40","43","38","43","44","46","36","42","36","30","26"
"592",227821,"AUSTIN DISCOVERY SCHOOL","I","11","Y","32","48","43","57","35","61","30","37","14","43","13","38"
"593",227825,"AUSTIN ACHIEVE PUBLIC SCHOOLS","I","11","Y","14","5","13","4","13","5","16","5","12","1","0","0"
"594",227901,"AUSTIN ISD","A","11","N","54","51","39","34","52","54","55","49","42","36","30","26"
"595",227904,"PFLUGERVILLE ISD","B","21","N","47","48","32","35","45","49","49","46","26","25","26","23"
"596",227907,"MANOR ISD","B","41","N","41","35","38","30","39","38","43","32","36","30","30","28"
"597",227909,"EANES ISD","B","21","N","75","72","59","47","76","78","74","66","55","39","42","32"
"598",227910,"DEL VALLE ISD","B","41","N","29","28","28","27","28","32","30","24","23","22","25","19"
"599",227912,"LAGO VISTA ISD","G","31","N","57","64","30","30","48","62","67","67","26","30","38","50"
"600",227913,"LAKE TRAVIS ISD","B","21","N","66","63","42","40","63","67","69","60","50","34","31","23"
"601",228901,"GROVETON ISD","H","43","N","54","35","39","25","48","30","60","40","33","0","50","25"
"602",228903,"TRINITY ISD","G","41","N","39","36","38","32","29","29","48","41","16","14","11","22"
"603",229901,"COLMESNEIL ISD","F","42","N","59","41","50","25","50","39","67","43","36","21","20","0"
"604",229903,"WOODVILLE ISD","G","33","N","21","23","12","12","29","25","14","22","5","5","5","5"
"605",230901,"BIG SANDY ISD","H","42","N","32","48","34","51","39","57","23","36","5","10","0","0"
"606",230902,"GILMER ISD","D","41","N","45","38","37","34","41","40","48","37","32","17","50","50"
"607",230903,"ORE CITY ISD","G","42","N","56","33","54","33","47","28","65","39","37","13","40","20"
"608",230905,"HARMONY ISD","E","42","N","57","34","48","20","47","41","67","28","29","6","33","0"
"609",230906,"NEW DIANA ISD","D","42","N","78","72","71","63","74","70","82","73","50","40","40","40"
"610",231901,"MCCAMEY ISD","H","43","N","34","29","28","21","18","29","48","29","20","17","40","40"
"611",232903,"UVALDE CISD","E","33","N","29","28","27","26","26","28","33","27","20","15","30","22"
"612",233901,"SAN FELIPE-DEL RIO CISD","E","33","N","32","32","26","24","32","37","32","27","21","18","19","22"
"613",234902,"CANTON ISD","E","32","N","71","55","65","44","68","52","74","57","46","15","54","15"
"614",234903,"EDGEWOOD ISD","G","42","N","55","64","50","65","53","71","58","58","44","56","43","71"
"615",234904,"GRAND SALINE ISD","G","32","N","44","36","40","31","47","36","41","37","28","14","13","13"
"616",234905,"MARTINS MILL ISD","H","42","N","30","49","21","42","24","41","35","55","11","11","0","0"
"617",234906,"VAN ISD","D","32","N","42","30","38","23","38","33","47","27","27","7","26","11"
"618",234907,"WILLS POINT ISD","D","32","N","30","31","25","28","34","40","25","22","8","21","7","21"
"619",235901,"BLOOMINGTON ISD","H","42","N","21","15","18","16","17","9","24","18","21","5","25","13"
"620",235902,"VICTORIA ISD","E","13","N","36","34","29","27","37","39","36","29","24","19","26","19"
"621",236901,"NEW WAVERLY ISD","G","41","N","64","55","56","49","52","55","75","56","52","43","33","17"
"622",236902,"HUNTSVILLE ISD","E","32","N","39","32","33","27","34","32","44","32","26","16","31","31"
"623",237902,"HEMPSTEAD ISD","G","32","N","23","15","20","13","24","15","22","15","31","20","14","14"
"624",237904,"WALLER ISD","E","42","N","53","42","49","36","53","43","53","40","45","29","28","24"
"625",237905,"ROYAL ISD","D","41","N","38","35","37","35","39","42","37","28","38","34","24","29"
"626",238902,"MONAHANS-WICKETT-PYOTE ISD","D","32","N","46","32","44","26","42","38","51","27","30","23","48","39"
"627",239901,"BRENHAM ISD","E","32","N","48","38","36","25","51","43","46","33","26","13","31","25"
"628",240901,"LAREDO ISD","D","11","N","58","50","57","49","59","55","57","45","51","42","45","39"
"629",240903,"UNITED ISD","C","11","N","54","47","51","42","53","50","56","43","39","28","29","25"
"630",241901,"BOLING ISD","D","42","N","26","28","13","19","15","30","34","26","17","13","17","33"
"631",241902,"EAST BERNARD ISD","D","42","N","60","35","44","22","44","28","70","40","36","14","50","40"
"632",241903,"EL CAMPO ISD","E","32","N","61","47","54","41","64","51","56","42","41","22","28","33"
"633",241904,"WHARTON ISD","G","32","N","26","29","26","30","26","30","27","28","19","16","33","27"
"634",241906,"LOUISE ISD","H","42","N","15","26","16","26","12","29","18","23","11","6","0","0"
"635",243901,"BURKBURNETT ISD","D","31","N","44","40","37","38","38","41","48","40","20","17","32","24"
"636",243903,"IOWA PARK CISD","D","31","N","55","52","44","42","41","47","67","57","45","45","29","24"
"637",243905,"WICHITA FALLS ISD","C","12","N","37","34","25","21","35","36","39","32","19","18","22","21"
"638",243906,"CITY VIEW ISD","D","12","N","29","27","21","23","28","33","31","19","18","11","22","11"
"639",244903,"VERNON ISD","G","33","N","28","22","28","21","31","28","24","16","24","15","30","20"
"640",245903,"RAYMONDVILLE ISD","D","32","N","42","43","41","40","27","32","53","53","29","25","36","36"
"641",246801,"MERIDIAN WORLD SCHOOL LLC","I","12","Y","63","59","30","43","64","72","61","48","54","54","33","33"
"642",246902,"FLORENCE ISD","G","42","N","42","43","30","29","46","49","38","38","15","15","11","11"
"643",246904,"GEORGETOWN ISD","C","13","N","35","37","17","20","34","42","36","33","11","13","26","20"
"644",246906,"HUTTO ISD","D","21","N","47","40","35","33","46","43","48","37","30","31","42","39"
"645",246907,"JARRELL ISD","D","42","N","21","23","14","22","15","28","27","18","9","16","7","20"
"646",246908,"LIBERTY HILL ISD","D","41","N","52","55","23","32","50","60","54","50","16","16","23","23"
"647",246909,"ROUND ROCK ISD","B","12","N","63","61","35","33","62","64","65","58","30","21","30","25"
"648",246911,"TAYLOR ISD","D","31","N","32","33","26","27","30","35","33","30","21","21","16","16"
"649",246912,"THRALL ISD","H","42","N","47","44","38","31","44","44","50","45","25","19","29","14"
"650",246913,"LEANDER ISD","B","21","N","56","57","35","35","53","59","59","55","39","36","28","27"
"651",247901,"FLORESVILLE ISD","E","32","N","37","33","32","28","37","34","37","32","20","13","6","6"
"652",247903,"LA VERNIA ISD","E","42","N","61","47","44","29","54","49","66","45","43","28","36","32"
"653",247904,"POTH ISD","H","42","N","34","48","19","29","32","45","36","50","5","16","22","11"
"654",247906,"STOCKDALE ISD","H","42","N","41","48","28","36","43","50","38","44","25","38","33","33"
"655",248901,"KERMIT ISD","D","32","N","18","26","18","26","20","25","15","27","11","21","0","0"
"656",249901,"ALVORD ISD","H","42","N","76","52","77","50","69","46","78","54","42","32","17","17"
"657",249902,"BOYD ISD","G","42","N","32","32","34","30","35","41","30","26","23","20","38","38"
"658",249903,"BRIDGEPORT ISD","G","41","N","32","32","25","25","29","38","37","26","20","17","21","16"
"659",249905,"DECATUR ISD","E","32","N","44","41","38","31","42","49","46","34","23","18","26","18"
"660",249906,"PARADISE ISD","G","42","N","68","42","48","22","64","40","73","43","54","8","33","17"
"661",250903,"MINEOLA ISD","E","32","N","33","27","29","25","30","27","36","27","20","12","0","0"
"662",250904,"QUITMAN ISD","E","32","N","61","48","63","46","52","39","73","61","47","29","36","14"
"663",250906,"ALBA-GOLDEN ISD","H","42","N","29","35","23","35","28","41","30","26","14","10","17","33"
"664",250907,"WINNSBORO ISD","E","32","N","51","42","42","36","49","44","52","40","27","27","30","20"
"665",251901,"DENVER CITY ISD","G","33","N","37","29","27","23","32","33","41","24","26","13","22","22"
"666",252901,"GRAHAM ISD","G","33","N","42","42","34","36","34","45","48","40","30","25","33","40"
"667",252903,"OLNEY ISD","H","32","N","35","51","33","50","18","55","48","48","19","31","14","29"
"668",253901,"ZAPATA COUNTY ISD","D","33","N","56","43","52","38","58","49","54","38","39","23","22","22"
"669",254901,"CRYSTAL CITY ISD","G","33","N","27","30","24","26","27","40","28","17","11","13","17","11"
"670",254902,"LA PRYOR ISD","H","43","N","33","42","31","41","37","47","29","35","30","40","33","33"
